{"initial_reset_timestamp": 1508378499.810567, "timestamps": [1508378501.295671, 1508378501.5896268, 1508378501.644289, 1508378501.644487, 1508378501.645086, 1508378501.645227, 1508378501.645371, 1508378501.6475039, 1508378504.856757, 1508378504.884017, 1508378504.884593, 1508378504.885887, 1508378504.886775, 1508378504.8873549, 1508378504.8880289, 1508378504.890149, 1508378504.8907259, 1508378504.891347, 1508378504.8927639, 1508378504.894012, 1508378504.8962822, 1508378504.899604, 1508378504.901788, 1508378504.902581, 1508378504.905333, 1508378504.906188, 1508378504.907027, 1508378505.009834, 1508378505.016899, 1508378505.0175622, 1508378505.018044, 1508378505.018711, 1508378505.019315, 1508378505.020638, 1508378505.021334, 1508378505.022465, 1508378505.024195, 1508378505.025068, 1508378505.025784, 1508378505.026429, 1508378505.0270941, 1508378505.029217, 1508378505.0299048, 1508378505.03179, 1508378505.033012, 1508378505.034147, 1508378505.035815, 1508378505.036405, 1508378505.036884, 1508378505.038962, 1508378505.041127, 1508378505.042206, 1508378505.0429509, 1508378505.0449972, 1508378505.0459101, 1508378505.046564, 1508378505.048705, 1508378505.050097, 1508378505.050731, 1508378505.0515862, 1508378505.0537221, 1508378505.054241, 1508378505.0548868, 1508378505.0553641, 1508378505.159422, 1508378505.16685, 1508378505.167528, 1508378505.168892, 1508378505.169497, 1508378505.1701329, 1508378505.171937, 1508378505.174148, 1508378505.175544, 1508378505.177723, 1508378505.178336, 1508378505.178899, 1508378505.1794639, 1508378505.180512, 1508378505.182532, 1508378505.183297, 1508378505.184785, 1508378505.186945, 1508378505.187447, 1508378505.1881568, 1508378505.189079, 1508378505.1905248, 1508378505.19209, 1508378505.192679, 1508378505.1944199, 1508378505.194901, 1508378505.195828, 1508378505.196405, 1508378505.1982222, 1508378505.19954, 1508378505.200408, 1508378505.2017438, 1508378505.204012, 1508378505.205317, 1508378505.2076511, 1508378505.209173, 1508378505.209774, 1508378505.212132, 1508378505.2132359, 1508378505.213834, 1508378505.214345, 1508378505.214968, 1508378505.215533, 1508378505.216295], "episode_lengths": [10, 15, 49, 10, 52, 9, 10, 200, 200, 143, 47, 112, 78, 51, 54, 200, 53, 57, 132, 102, 182, 166, 144, 50, 200, 60, 65, 112, 190, 57, 41, 59, 53, 120, 64, 92, 160, 77, 63, 59, 59, 200, 61, 178, 113, 103, 155, 54, 41, 199, 200, 98, 68, 191, 83, 60, 200, 129, 58, 77, 200, 46, 59, 43, 88, 131, 54, 124, 54, 57, 168, 200, 122, 200, 55, 50, 51, 98, 184, 61, 132, 200, 43, 63, 85, 133, 133, 51, 158, 39, 79, 51, 161, 108, 71, 117, 200, 116, 200, 129, 49, 200, 92, 48, 45, 45, 43, 55], "episode_rewards": [10.0, 15.0, 49.0, 10.0, 52.0, 9.0, 10.0, 200.0, 200.0, 143.0, 47.0, 112.0, 78.0, 51.0, 54.0, 200.0, 53.0, 57.0, 132.0, 102.0, 182.0, 166.0, 144.0, 50.0, 200.0, 60.0, 65.0, 112.0, 190.0, 57.0, 41.0, 59.0, 53.0, 120.0, 64.0, 92.0, 160.0, 77.0, 63.0, 59.0, 59.0, 200.0, 61.0, 178.0, 113.0, 103.0, 155.0, 54.0, 41.0, 199.0, 200.0, 98.0, 68.0, 191.0, 83.0, 60.0, 200.0, 129.0, 58.0, 77.0, 200.0, 46.0, 59.0, 43.0, 88.0, 131.0, 54.0, 124.0, 54.0, 57.0, 168.0, 200.0, 122.0, 200.0, 55.0, 50.0, 51.0, 98.0, 184.0, 61.0, 132.0, 200.0, 43.0, 63.0, 85.0, 133.0, 133.0, 51.0, 158.0, 39.0, 79.0, 51.0, 161.0, 108.0, 71.0, 117.0, 200.0, 116.0, 200.0, 129.0, 49.0, 200.0, 92.0, 48.0, 45.0, 45.0, 43.0, 55.0], "episode_types": ["t", "t", "t", "t", "t", "t", "t", "t", "t", "t", "t", "t", "t", "t", "t", "t", "t", "t", "t", "t", "t", "t", "t", "t", "t", "t", "t", "t", "t", "t", "t", "t", "t", "t", "t", "t", "t", "t", "t", "t", "t", "t", "t", "t", "t", "t", "t", "t", "t", "t", "t", "t", "t", "t", "t", "t", "t", "t", "t", "t", "t", "t", "t", "t", "t", "t", "t", "t", "t", "t", "t", "t", "t", "t", "t", "t", "t", "t", "t", "t", "t", "t", "t", "t", "t", "t", "t", "t", "t", "t", "t", "t", "t", "t", "t", "t", "t", "t", "t", "t", "t", "t", "t", "t", "t", "t", "t", "t"]}